,Date,Country,Cum # of Cases,Cum # of Deaths,Cum # Recovered,# of Cases,# of Deaths,# Recovered,Day,Day of Month,Month,Month Name
0,2003-03-17,Canada,8.0,2.0,0.0,0.0,0.0,0.0,1,17,3,March
1,2003-03-17,China,0.0,0.0,0.0,0.0,0.0,0.0,1,17,3,March
2,2003-03-17,Hong Kong,95.0,1.0,0.0,0.0,0.0,0.0,1,17,3,March
3,2003-03-17,Singapore,20.0,0.0,0.0,0.0,0.0,0.0,1,17,3,March
4,2003-03-17,Taiwan,0.0,0.0,0.0,0.0,0.0,0.0,1,17,3,March
5,2003-03-17,United States,0.0,0.0,0.0,0.0,0.0,0.0,1,17,3,March
6,2003-03-17,Viet Nam,40.0,1.0,0.0,0.0,0.0,0.0,1,17,3,March
7,2003-03-18,Canada,8.0,2.0,0.0,0.0,0.0,0.0,2,18,3,March
8,2003-03-18,China,0.0,0.0,0.0,0.0,0.0,0.0,2,18,3,March
9,2003-03-18,Hong Kong,123.0,1.0,0.0,28.0,0.0,0.0,2,18,3,March
10,2003-03-18,Singapore,23.0,0.0,0.0,3.0,0.0,0.0,2,18,3,March
11,2003-03-18,Taiwan,3.0,0.0,0.0,3.0,0.0,0.0,2,18,3,March
12,2003-03-18,United States,0.0,0.0,0.0,0.0,0.0,0.0,2,18,3,March
13,2003-03-18,Viet Nam,57.0,1.0,0.0,17.0,0.0,0.0,2,18,3,March
14,2003-03-19,Canada,8.0,2.0,0.0,0.0,0.0,0.0,3,19,3,March
15,2003-03-19,China,0.0,0.0,0.0,0.0,0.0,0.0,3,19,3,March
16,2003-03-19,Hong Kong,150.0,5.0,0.0,27.0,4.0,0.0,3,19,3,March
17,2003-03-19,Singapore,31.0,0.0,0.0,8.0,0.0,0.0,3,19,3,March
18,2003-03-19,Taiwan,3.0,0.0,0.0,0.0,0.0,0.0,3,19,3,March
19,2003-03-19,United States,11.0,0.0,0.0,11.0,0.0,0.0,3,19,3,March
20,2003-03-19,Viet Nam,57.0,2.0,0.0,0.0,1.0,0.0,3,19,3,March
21,2003-03-20,Canada,9.0,2.0,0.0,1.0,0.0,0.0,4,20,3,March
22,2003-03-20,China,0.0,0.0,0.0,0.0,0.0,0.0,4,20,3,March
23,2003-03-20,Hong Kong,173.0,6.0,0.0,23.0,1.0,0.0,4,20,3,March
24,2003-03-20,Singapore,34.0,0.0,0.0,3.0,0.0,0.0,4,20,3,March
25,2003-03-20,Taiwan,4.0,0.0,0.0,1.0,0.0,0.0,4,20,3,March
26,2003-03-20,United States,11.0,0.0,0.0,0.0,0.0,0.0,4,20,3,March
27,2003-03-20,Viet Nam,63.0,2.0,0.0,6.0,0.0,0.0,4,20,3,March
28,2003-03-21,Canada,9.0,2.0,0.0,0.0,0.0,0.0,5,21,3,March
29,2003-03-21,China,0.0,0.0,0.0,0.0,0.0,0.0,5,21,3,March
30,2003-03-21,Hong Kong,203.0,6.0,0.0,30.0,0.0,0.0,5,21,3,March
31,2003-03-21,Singapore,39.0,0.0,0.0,5.0,0.0,0.0,5,21,3,March
32,2003-03-21,Taiwan,6.0,0.0,0.0,2.0,0.0,0.0,5,21,3,March
33,2003-03-21,United States,13.0,0.0,0.0,2.0,0.0,0.0,5,21,3,March
34,2003-03-21,Viet Nam,63.0,2.0,0.0,0.0,0.0,0.0,5,21,3,March
35,2003-03-22,Canada,9.0,2.0,0.0,0.0,0.0,0.0,6,22,3,March
36,2003-03-22,China,0.0,0.0,0.0,0.0,0.0,0.0,6,22,3,March
37,2003-03-22,Hong Kong,222.0,7.0,0.0,19.0,1.0,0.0,6,22,3,March
38,2003-03-22,Singapore,44.0,0.0,0.0,5.0,0.0,0.0,6,22,3,March
39,2003-03-22,Taiwan,6.0,0.0,0.0,0.0,0.0,0.0,6,22,3,March
40,2003-03-22,United States,22.0,0.0,0.0,9.0,0.0,0.0,6,22,3,March
41,2003-03-22,Viet Nam,64.0,2.0,0.0,1.0,0.0,0.0,6,22,3,March
42,2003-03-24,Canada,11.0,3.0,0.0,2.0,1.0,0.0,8,24,3,March
43,2003-03-24,China,0.0,0.0,0.0,0.0,0.0,0.0,8,24,3,March
44,2003-03-24,Hong Kong,260.0,10.0,0.0,38.0,3.0,0.0,8,24,3,March
45,2003-03-24,Singapore,65.0,0.0,0.0,21.0,0.0,0.0,8,24,3,March
46,2003-03-24,Taiwan,6.0,0.0,0.0,0.0,0.0,0.0,8,24,3,March
47,2003-03-24,United States,37.0,0.0,0.0,15.0,0.0,0.0,8,24,3,March
48,2003-03-24,Viet Nam,64.0,4.0,0.0,0.0,2.0,0.0,8,24,3,March
49,2003-03-25,Canada,11.0,3.0,0.0,0.0,0.0,0.0,9,25,3,March
50,2003-03-25,China,0.0,0.0,0.0,0.0,0.0,0.0,9,25,3,March
51,2003-03-25,Hong Kong,286.0,10.0,0.0,26.0,0.0,0.0,9,25,3,March
52,2003-03-25,Singapore,69.0,0.0,0.0,4.0,0.0,0.0,9,25,3,March
53,2003-03-25,Taiwan,6.0,0.0,0.0,0.0,0.0,0.0,9,25,3,March
54,2003-03-25,United States,39.0,0.0,0.0,2.0,0.0,0.0,9,25,3,March
55,2003-03-25,Viet Nam,64.0,4.0,0.0,0.0,0.0,0.0,9,25,3,March
56,2003-03-26,Canada,19.0,3.0,0.0,8.0,0.0,0.0,10,26,3,March
57,2003-03-26,China,792.0,31.0,0.0,792.0,31.0,0.0,10,26,3,March
58,2003-03-26,Hong Kong,316.0,10.0,0.0,30.0,0.0,0.0,10,26,3,March
59,2003-03-26,Singapore,74.0,1.0,0.0,5.0,1.0,0.0,10,26,3,March
60,2003-03-26,Taiwan,6.0,0.0,0.0,0.0,0.0,0.0,10,26,3,March
61,2003-03-26,United States,40.0,0.0,0.0,1.0,0.0,0.0,10,26,3,March
62,2003-03-26,Viet Nam,64.0,4.0,0.0,0.0,0.0,0.0,10,26,3,March
63,2003-03-27,Canada,28.0,3.0,0.0,9.0,0.0,0.0,11,27,3,March
64,2003-03-27,China,806.0,34.0,0.0,14.0,3.0,0.0,11,27,3,March
65,2003-03-27,Hong Kong,367.0,10.0,0.0,51.0,0.0,0.0,11,27,3,March
66,2003-03-27,Singapore,78.0,2.0,0.0,4.0,1.0,0.0,11,27,3,March
67,2003-03-27,Taiwan,6.0,0.0,0.0,0.0,0.0,0.0,11,27,3,March
68,2003-03-27,United States,45.0,0.0,0.0,5.0,0.0,0.0,11,27,3,March
69,2003-03-27,Viet Nam,64.0,4.0,0.0,0.0,0.0,0.0,11,27,3,March
70,2003-03-28,Canada,29.0,3.0,0.0,1.0,0.0,0.0,12,28,3,March
71,2003-03-28,China,806.0,34.0,0.0,0.0,0.0,0.0,12,28,3,March
72,2003-03-28,Hong Kong,425.0,10.0,0.0,58.0,0.0,0.0,12,28,3,March
73,2003-03-28,Singapore,86.0,2.0,0.0,8.0,0.0,0.0,12,28,3,March
74,2003-03-28,Taiwan,10.0,0.0,0.0,4.0,0.0,0.0,12,28,3,March
75,2003-03-28,United States,51.0,0.0,0.0,6.0,0.0,0.0,12,28,3,March
76,2003-03-28,Viet Nam,64.0,4.0,0.0,0.0,0.0,0.0,12,28,3,March
77,2003-03-29,Canada,37.0,3.0,0.0,8.0,0.0,0.0,13,29,3,March
78,2003-03-29,China,806.0,34.0,0.0,0.0,0.0,0.0,13,29,3,March
79,2003-03-29,Hong Kong,470.0,10.0,0.0,45.0,0.0,0.0,13,29,3,March
80,2003-03-29,Singapore,89.0,2.0,0.0,3.0,0.0,0.0,13,29,3,March
81,2003-03-29,Taiwan,10.0,0.0,0.0,0.0,0.0,0.0,13,29,3,March
82,2003-03-29,United States,59.0,0.0,0.0,8.0,0.0,0.0,13,29,3,March
83,2003-03-29,Viet Nam,64.0,4.0,0.0,0.0,0.0,0.0,13,29,3,March
84,2003-03-31,Canada,44.0,4.0,0.0,7.0,1.0,0.0,15,31,3,March
85,2003-03-31,China,806.0,34.0,0.0,0.0,0.0,0.0,15,31,3,March
86,2003-03-31,Hong Kong,530.0,13.0,0.0,60.0,3.0,0.0,15,31,3,March
87,2003-03-31,Singapore,91.0,2.0,0.0,2.0,0.0,0.0,15,31,3,March
88,2003-03-31,Taiwan,10.0,0.0,0.0,0.0,0.0,0.0,15,31,3,March
89,2003-03-31,United States,59.0,0.0,0.0,0.0,0.0,0.0,15,31,3,March
90,2003-03-31,Viet Nam,64.0,4.0,0.0,0.0,0.0,0.0,15,31,3,March
91,2003-04-01,Canada,53.0,4.0,0.0,9.0,0.0,0.0,16,1,4,April
92,2003-04-01,China,806.0,34.0,0.0,0.0,0.0,0.0,16,1,4,April
93,2003-04-01,Hong Kong,685.0,16.0,0.0,155.0,3.0,0.0,16,1,4,April
94,2003-04-01,Singapore,92.0,3.0,0.0,1.0,1.0,0.0,16,1,4,April
95,2003-04-01,Taiwan,13.0,0.0,0.0,3.0,0.0,0.0,16,1,4,April
96,2003-04-01,United States,69.0,0.0,0.0,10.0,0.0,0.0,16,1,4,April
97,2003-04-01,Viet Nam,64.0,4.0,0.0,0.0,0.0,0.0,16,1,4,April
98,2003-04-02,Canada,58.0,6.0,0.0,5.0,2.0,0.0,17,2,4,April
99,2003-04-02,China,1190.0,46.0,0.0,384.0,12.0,0.0,17,2,4,April
100,2003-04-02,Hong Kong,708.0,16.0,0.0,23.0,0.0,0.0,17,2,4,April
101,2003-04-02,Singapore,95.0,4.0,0.0,3.0,1.0,0.0,17,2,4,April
102,2003-04-02,Taiwan,13.0,0.0,0.0,0.0,0.0,0.0,17,2,4,April
103,2003-04-02,United States,72.0,0.0,0.0,3.0,0.0,0.0,17,2,4,April
104,2003-04-02,Viet Nam,64.0,4.0,0.0,0.0,0.0,0.0,17,2,4,April
105,2003-04-03,Canada,62.0,6.0,0.0,4.0,0.0,0.0,18,3,4,April
106,2003-04-03,China,1190.0,46.0,0.0,0.0,0.0,0.0,18,3,4,April
107,2003-04-03,Hong Kong,734.0,17.0,0.0,26.0,1.0,0.0,18,3,4,April
108,2003-04-03,Singapore,98.0,4.0,0.0,3.0,0.0,0.0,18,3,4,April
109,2003-04-03,Taiwan,14.0,0.0,0.0,1.0,0.0,0.0,18,3,4,April
110,2003-04-03,United States,85.0,0.0,0.0,13.0,0.0,0.0,18,3,4,April
111,2003-04-03,Viet Nam,65.0,4.0,0.0,1.0,0.0,0.0,18,3,4,April
112,2003-04-04,Canada,69.0,7.0,0.0,7.0,1.0,0.0,19,4,4,April
113,2003-04-04,China,1220.0,49.0,0.0,30.0,3.0,0.0,19,4,4,April
114,2003-04-04,Hong Kong,761.0,17.0,0.0,27.0,0.0,0.0,19,4,4,April
115,2003-04-04,Singapore,100.0,5.0,0.0,2.0,1.0,0.0,19,4,4,April
116,2003-04-04,Taiwan,15.0,0.0,0.0,1.0,0.0,0.0,19,4,4,April
117,2003-04-04,United States,100.0,0.0,0.0,15.0,0.0,0.0,19,4,4,April
118,2003-04-04,Viet Nam,65.0,4.0,0.0,0.0,0.0,0.0,19,4,4,April
119,2003-04-05,Canada,74.0,7.0,0.0,5.0,0.0,0.0,20,5,4,April
120,2003-04-05,China,1220.0,49.0,0.0,0.0,0.0,0.0,20,5,4,April
121,2003-04-05,Hong Kong,800.0,20.0,0.0,39.0,3.0,0.0,20,5,4,April
122,2003-04-05,Singapore,101.0,6.0,0.0,1.0,1.0,0.0,20,5,4,April
123,2003-04-05,Taiwan,17.0,0.0,0.0,2.0,0.0,0.0,20,5,4,April
124,2003-04-05,United States,115.0,0.0,0.0,15.0,0.0,0.0,20,5,4,April
125,2003-04-05,Viet Nam,65.0,4.0,0.0,0.0,0.0,0.0,20,5,4,April
126,2003-04-07,Canada,90.0,9.0,0.0,16.0,2.0,0.0,22,7,4,April
127,2003-04-07,China,1268.0,53.0,0.0,48.0,4.0,0.0,22,7,4,April
128,2003-04-07,Hong Kong,883.0,23.0,0.0,83.0,3.0,0.0,22,7,4,April
129,2003-04-07,Singapore,106.0,6.0,0.0,5.0,0.0,0.0,22,7,4,April
130,2003-04-07,Taiwan,21.0,0.0,0.0,4.0,0.0,0.0,22,7,4,April
131,2003-04-07,United States,141.0,0.0,0.0,26.0,0.0,0.0,22,7,4,April
132,2003-04-07,Viet Nam,68.0,4.0,0.0,3.0,0.0,0.0,22,7,4,April
133,2003-04-08,Canada,91.0,10.0,0.0,1.0,1.0,0.0,23,8,4,April
134,2003-04-08,China,1279.0,53.0,0.0,11.0,0.0,0.0,23,8,4,April
135,2003-04-08,Hong Kong,928.0,25.0,0.0,45.0,2.0,0.0,23,8,4,April
136,2003-04-08,Singapore,113.0,8.0,0.0,7.0,2.0,0.0,23,8,4,April
137,2003-04-08,Taiwan,21.0,0.0,0.0,0.0,0.0,0.0,23,8,4,April
138,2003-04-08,United States,148.0,0.0,0.0,7.0,0.0,0.0,23,8,4,April
139,2003-04-08,Viet Nam,68.0,4.0,0.0,0.0,0.0,0.0,23,8,4,April
140,2003-04-09,Canada,94.0,10.0,0.0,3.0,0.0,0.0,24,9,4,April
141,2003-04-09,China,1280.0,53.0,0.0,1.0,0.0,0.0,24,9,4,April
142,2003-04-09,Hong Kong,970.0,27.0,0.0,42.0,2.0,0.0,24,9,4,April
143,2003-04-09,Singapore,118.0,9.0,0.0,5.0,1.0,0.0,24,9,4,April
144,2003-04-09,Taiwan,21.0,0.0,0.0,0.0,0.0,0.0,24,9,4,April
145,2003-04-09,United States,149.0,0.0,0.0,1.0,0.0,0.0,24,9,4,April
146,2003-04-09,Viet Nam,68.0,4.0,0.0,0.0,0.0,0.0,24,9,4,April
147,2003-04-10,Canada,97.0,10.0,22.0,3.0,0.0,22.0,25,10,4,April
148,2003-04-10,China,1290.0,55.0,1025.0,10.0,2.0,1025.0,25,10,4,April
149,2003-04-10,Hong Kong,998.0,30.0,154.0,28.0,3.0,154.0,25,10,4,April
150,2003-04-10,Singapore,126.0,9.0,75.0,8.0,0.0,75.0,25,10,4,April
151,2003-04-10,Taiwan,21.0,0.0,5.0,0.0,0.0,5.0,25,10,4,April
152,2003-04-10,United States,154.0,0.0,0.0,5.0,0.0,0.0,25,10,4,April
153,2003-04-10,Viet Nam,68.0,4.0,43.0,0.0,0.0,43.0,25,10,4,April
154,2003-04-11,Canada,98.0,10.0,25.0,1.0,0.0,3.0,26,11,4,April
155,2003-04-11,China,1309.0,58.0,1037.0,19.0,3.0,12.0,26,11,4,April
156,2003-04-11,Hong Kong,1059.0,32.0,169.0,61.0,2.0,15.0,26,11,4,April
157,2003-04-11,Singapore,133.0,9.0,77.0,7.0,0.0,2.0,26,11,4,April
158,2003-04-11,Taiwan,23.0,0.0,6.0,2.0,0.0,1.0,26,11,4,April
159,2003-04-11,United States,166.0,0.0,0.0,12.0,0.0,0.0,26,11,4,April
160,2003-04-11,Viet Nam,68.0,4.0,43.0,0.0,0.0,0.0,26,11,4,April
161,2003-04-12,Canada,101.0,10.0,26.0,3.0,0.0,1.0,27,12,4,April
162,2003-04-12,China,1309.0,58.0,1037.0,0.0,0.0,0.0,27,12,4,April
163,2003-04-12,Hong Kong,1108.0,35.0,215.0,49.0,3.0,46.0,27,12,4,April
164,2003-04-12,Singapore,147.0,9.0,77.0,14.0,0.0,0.0,27,12,4,April
165,2003-04-12,Taiwan,25.0,0.0,7.0,2.0,0.0,1.0,27,12,4,April
166,2003-04-12,United States,166.0,0.0,0.0,0.0,0.0,0.0,27,12,4,April
167,2003-04-12,Viet Nam,68.0,4.0,46.0,0.0,0.0,3.0,27,12,4,April
168,2003-04-14,Canada,101.0,13.0,27.0,0.0,3.0,1.0,29,14,4,April
169,2003-04-14,China,1418.0,64.0,1088.0,109.0,6.0,51.0,29,14,4,April
170,2003-04-14,Hong Kong,1190.0,47.0,229.0,82.0,12.0,14.0,29,14,4,April
171,2003-04-14,Singapore,158.0,12.0,84.0,11.0,3.0,7.0,29,14,4,April
172,2003-04-14,Taiwan,25.0,0.0,7.0,0.0,0.0,0.0,29,14,4,April
173,2003-04-14,United States,174.0,0.0,0.0,8.0,0.0,0.0,29,14,4,April
174,2003-04-14,Viet Nam,69.0,5.0,46.0,1.0,1.0,0.0,29,14,4,April
175,2003-04-15,Canada,101.0,13.0,27.0,0.0,0.0,0.0,30,15,4,April
176,2003-04-15,China,1418.0,64.0,1088.0,0.0,0.0,0.0,30,15,4,April
177,2003-04-15,Hong Kong,1232.0,56.0,243.0,42.0,9.0,14.0,30,15,4,April
178,2003-04-15,Singapore,162.0,13.0,85.0,4.0,1.0,1.0,30,15,4,April
179,2003-04-15,Taiwan,25.0,0.0,7.0,0.0,0.0,0.0,30,15,4,April
180,2003-04-15,United States,193.0,0.0,0.0,19.0,0.0,0.0,30,15,4,April
181,2003-04-15,Viet Nam,69.0,5.0,46.0,0.0,0.0,0.0,30,15,4,April
182,2003-04-16,Canada,104.0,13.0,37.0,3.0,0.0,10.0,31,16,4,April
183,2003-04-16,China,1432.0,64.0,1094.0,14.0,0.0,6.0,31,16,4,April
184,2003-04-16,Hong Kong,1268.0,61.0,257.0,36.0,5.0,14.0,31,16,4,April
185,2003-04-16,Singapore,162.0,13.0,85.0,0.0,0.0,0.0,31,16,4,April
186,2003-04-16,Taiwan,29.0,0.0,10.0,4.0,0.0,3.0,31,16,4,April
187,2003-04-16,United States,193.0,0.0,0.0,0.0,0.0,0.0,31,16,4,April
188,2003-04-16,Viet Nam,69.0,5.0,46.0,0.0,0.0,0.0,31,16,4,April
189,2003-04-17,Canada,127.0,13.0,46.0,23.0,0.0,9.0,32,17,4,April
190,2003-04-17,China,1457.0,65.0,1107.0,25.0,1.0,13.0,32,17,4,April
191,2003-04-17,Hong Kong,1297.0,65.0,272.0,29.0,4.0,15.0,32,17,4,April
192,2003-04-17,Singapore,167.0,15.0,91.0,5.0,2.0,6.0,32,17,4,April
193,2003-04-17,Taiwan,29.0,0.0,10.0,0.0,0.0,0.0,32,17,4,April
194,2003-04-17,United States,199.0,0.0,0.0,6.0,0.0,0.0,32,17,4,April
195,2003-04-17,Viet Nam,69.0,5.0,46.0,0.0,0.0,0.0,32,17,4,April
196,2003-04-18,Canada,133.0,13.0,54.0,6.0,0.0,8.0,33,18,4,April
197,2003-04-18,China,1512.0,65.0,1140.0,55.0,0.0,33.0,33,18,4,April
198,2003-04-18,Hong Kong,1358.0,81.0,363.0,61.0,16.0,91.0,33,18,4,April
199,2003-04-18,Singapore,177.0,16.0,100.0,10.0,1.0,9.0,33,18,4,April
200,2003-04-18,Taiwan,31.0,0.0,17.0,2.0,0.0,7.0,33,18,4,April
201,2003-04-18,United States,220.0,0.0,0.0,21.0,0.0,0.0,33,18,4,April
202,2003-04-18,Viet Nam,69.0,5.0,46.0,0.0,0.0,0.0,33,18,4,April
203,2003-04-19,Canada,133.0,13.0,54.0,0.0,0.0,0.0,34,19,4,April
204,2003-04-19,China,1512.0,65.0,1140.0,0.0,0.0,0.0,34,19,4,April
205,2003-04-19,Hong Kong,1358.0,81.0,363.0,0.0,0.0,0.0,34,19,4,April
206,2003-04-19,Singapore,177.0,16.0,100.0,0.0,0.0,0.0,34,19,4,April
207,2003-04-19,Taiwan,31.0,0.0,17.0,0.0,0.0,0.0,34,19,4,April
208,2003-04-19,United States,220.0,0.0,0.0,0.0,0.0,0.0,34,19,4,April
209,2003-04-19,Viet Nam,69.0,5.0,46.0,0.0,0.0,0.0,34,19,4,April
210,2003-04-21,Canada,133.0,13.0,54.0,0.0,0.0,0.0,36,21,4,April
211,2003-04-21,China,1959.0,86.0,1187.0,447.0,21.0,47.0,36,21,4,April
212,2003-04-21,Hong Kong,1402.0,94.0,436.0,44.0,13.0,73.0,36,21,4,April
213,2003-04-21,Singapore,178.0,16.0,104.0,1.0,0.0,4.0,36,21,4,April
214,2003-04-21,Taiwan,31.0,0.0,17.0,0.0,0.0,0.0,36,21,4,April
215,2003-04-21,United States,220.0,0.0,0.0,0.0,0.0,0.0,36,21,4,April
216,2003-04-21,Viet Nam,69.0,5.0,46.0,0.0,0.0,0.0,36,21,4,April
217,2003-04-22,Canada,140.0,14.0,65.0,7.0,1.0,11.0,37,22,4,April
218,2003-04-22,China,2001.0,92.0,1201.0,42.0,6.0,14.0,37,22,4,April
219,2003-04-22,Hong Kong,1434.0,99.0,461.0,32.0,5.0,25.0,37,22,4,April
220,2003-04-22,Singapore,186.0,16.0,110.0,8.0,0.0,6.0,37,22,4,April
221,2003-04-22,Taiwan,31.0,0.0,21.0,0.0,0.0,4.0,37,22,4,April
222,2003-04-22,United States,220.0,0.0,0.0,0.0,0.0,0.0,37,22,4,April
223,2003-04-22,Viet Nam,69.0,5.0,46.0,0.0,0.0,0.0,37,22,4,April
224,2003-04-23,Canada,141.0,14.0,65.0,1.0,0.0,0.0,38,23,4,April
225,2003-04-23,China,2305.0,106.0,1231.0,304.0,14.0,30.0,38,23,4,April
226,2003-04-23,Hong Kong,1458.0,105.0,522.0,24.0,6.0,61.0,38,23,4,April
227,2003-04-23,Singapore,189.0,17.0,114.0,3.0,1.0,4.0,38,23,4,April
228,2003-04-23,Taiwan,39.0,0.0,21.0,8.0,0.0,0.0,38,23,4,April
229,2003-04-23,United States,221.0,0.0,0.0,1.0,0.0,0.0,38,23,4,April
230,2003-04-23,Viet Nam,69.0,5.0,46.0,0.0,0.0,0.0,38,23,4,April
231,2003-04-24,Canada,141.0,16.0,67.0,0.0,2.0,2.0,39,24,4,April
232,2003-04-24,China,2422.0,110.0,1254.0,117.0,4.0,23.0,39,24,4,April
233,2003-04-24,Hong Kong,1488.0,109.0,567.0,30.0,4.0,45.0,39,24,4,April
234,2003-04-24,Singapore,192.0,19.0,118.0,3.0,2.0,4.0,39,24,4,April
235,2003-04-24,Taiwan,39.0,0.0,21.0,0.0,0.0,0.0,39,24,4,April
236,2003-04-24,United States,221.0,0.0,0.0,0.0,0.0,0.0,39,24,4,April
237,2003-04-24,Viet Nam,69.0,5.0,49.0,0.0,0.0,3.0,39,24,4,April
238,2003-04-25,Canada,141.0,16.0,74.0,0.0,0.0,7.0,40,25,4,April
239,2003-04-25,China,2601.0,115.0,1277.0,179.0,5.0,23.0,40,25,4,April
240,2003-04-25,Hong Kong,1510.0,115.0,614.0,22.0,6.0,47.0,40,25,4,April
241,2003-04-25,Singapore,195.0,19.0,126.0,3.0,0.0,8.0,40,25,4,April
242,2003-04-25,Taiwan,43.0,0.0,21.0,4.0,0.0,0.0,40,25,4,April
243,2003-04-25,United States,223.0,0.0,0.0,2.0,0.0,0.0,40,25,4,April
244,2003-04-25,Viet Nam,69.0,5.0,53.0,0.0,0.0,4.0,40,25,4,April
245,2003-04-26,Canada,143.0,19.0,77.0,2.0,3.0,3.0,41,26,4,April
246,2003-04-26,China,2753.0,122.0,1285.0,152.0,7.0,8.0,41,26,4,April
247,2003-04-26,Hong Kong,1527.0,121.0,632.0,17.0,6.0,18.0,41,26,4,April
248,2003-04-26,Singapore,198.0,21.0,126.0,3.0,2.0,0.0,41,26,4,April
249,2003-04-26,Taiwan,51.0,0.0,25.0,8.0,0.0,4.0,41,26,4,April
250,2003-04-26,United States,225.0,0.0,0.0,2.0,0.0,0.0,41,26,4,April
251,2003-04-26,Viet Nam,69.0,5.0,53.0,0.0,0.0,0.0,41,26,4,April
252,2003-04-28,Canada,143.0,19.0,77.0,0.0,0.0,0.0,43,28,4,April
253,2003-04-28,China,2914.0,131.0,1299.0,161.0,9.0,14.0,43,28,4,April
254,2003-04-28,Hong Kong,1557.0,138.0,710.0,30.0,17.0,78.0,43,28,4,April
255,2003-04-28,Singapore,199.0,23.0,137.0,1.0,2.0,11.0,43,28,4,April
256,2003-04-28,Taiwan,68.0,0.0,25.0,17.0,0.0,0.0,43,28,4,April
257,2003-04-28,United States,225.0,0.0,0.0,0.0,0.0,0.0,43,28,4,April
258,2003-04-28,Viet Nam,69.0,5.0,53.0,0.0,0.0,0.0,43,28,4,April
259,2003-04-29,Canada,147.0,21.0,86.0,4.0,2.0,9.0,44,29,4,April
260,2003-04-29,China,3303.0,148.0,1322.0,389.0,17.0,23.0,44,29,4,April
261,2003-04-29,Hong Kong,1572.0,150.0,759.0,15.0,12.0,49.0,44,29,4,April
262,2003-04-29,Singapore,201.0,24.0,139.0,2.0,1.0,2.0,44,29,4,April
263,2003-04-29,Taiwan,68.0,0.0,25.0,0.0,0.0,0.0,44,29,4,April
264,2003-04-29,United States,225.0,0.0,0.0,0.0,0.0,0.0,44,29,4,April
265,2003-04-29,Viet Nam,69.0,5.0,53.0,0.0,0.0,0.0,44,29,4,April
266,2003-04-30,Canada,149.0,21.0,87.0,2.0,0.0,1.0,45,30,4,April
267,2003-04-30,China,3460.0,159.0,1332.0,157.0,11.0,10.0,45,30,4,April
268,2003-04-30,Hong Kong,1589.0,157.0,791.0,17.0,7.0,32.0,45,30,4,April
269,2003-04-30,Singapore,201.0,24.0,139.0,0.0,0.0,0.0,45,30,4,April
270,2003-04-30,Taiwan,80.0,1.0,25.0,12.0,1.0,0.0,45,30,4,April
271,2003-04-30,United States,236.0,0.0,0.0,11.0,0.0,0.0,45,30,4,April
272,2003-04-30,Viet Nam,69.0,5.0,53.0,0.0,0.0,0.0,45,30,4,April
273,2003-05-01,Canada,149.0,21.0,87.0,0.0,0.0,0.0,46,1,5,May
274,2003-05-01,China,3638.0,170.0,1351.0,178.0,11.0,19.0,46,1,5,May
275,2003-05-01,Hong Kong,1600.0,162.0,834.0,11.0,5.0,43.0,46,1,5,May
276,2003-05-01,Singapore,201.0,25.0,143.0,0.0,1.0,4.0,46,1,5,May
277,2003-05-01,Taiwan,91.0,3.0,25.0,11.0,2.0,0.0,46,1,5,May
278,2003-05-01,United States,238.0,0.0,23.0,2.0,0.0,23.0,46,1,5,May
279,2003-05-01,Viet Nam,69.0,5.0,56.0,0.0,0.0,3.0,46,1,5,May
280,2003-05-02,Canada,151.0,23.0,93.0,2.0,2.0,6.0,47,2,5,May
281,2003-05-02,China,3799.0,181.0,1372.0,161.0,11.0,21.0,47,2,5,May
282,2003-05-02,Hong Kong,1611.0,170.0,878.0,11.0,8.0,44.0,47,2,5,May
283,2003-05-02,Singapore,203.0,25.0,146.0,2.0,0.0,3.0,47,2,5,May
284,2003-05-02,Taiwan,102.0,8.0,25.0,11.0,5.0,0.0,47,2,5,May
285,2003-05-02,United States,240.0,0.0,24.0,2.0,0.0,1.0,47,2,5,May
286,2003-05-02,Viet Nam,69.0,5.0,56.0,0.0,0.0,0.0,47,2,5,May
287,2003-05-03,Canada,151.0,23.0,94.0,0.0,0.0,1.0,48,3,5,May
288,2003-05-03,China,3971.0,190.0,1406.0,172.0,9.0,34.0,48,3,5,May
289,2003-05-03,Hong Kong,1621.0,179.0,898.0,10.0,9.0,20.0,48,3,5,May
290,2003-05-03,Singapore,203.0,25.0,147.0,0.0,0.0,1.0,48,3,5,May
291,2003-05-03,Taiwan,102.0,8.0,25.0,0.0,0.0,0.0,48,3,5,May
292,2003-05-03,United States,240.0,0.0,24.0,0.0,0.0,0.0,48,3,5,May
293,2003-05-03,Viet Nam,69.0,5.0,58.0,0.0,0.0,2.0,48,3,5,May
294,2003-05-05,Canada,151.0,23.0,94.0,0.0,0.0,0.0,50,5,5,May
295,2003-05-05,China,4280.0,206.0,1433.0,309.0,16.0,27.0,50,5,5,May
296,2003-05-05,Hong Kong,1637.0,187.0,930.0,16.0,8.0,32.0,50,5,5,May
297,2003-05-05,Singapore,204.0,26.0,149.0,1.0,1.0,2.0,50,5,5,May
298,2003-05-05,Taiwan,118.0,8.0,25.0,16.0,0.0,0.0,50,5,5,May
299,2003-05-05,United States,247.0,0.0,26.0,7.0,0.0,2.0,50,5,5,May
300,2003-05-05,Viet Nam,69.0,5.0,58.0,0.0,0.0,0.0,50,5,5,May
301,2003-05-06,Canada,151.0,23.0,94.0,0.0,0.0,0.0,51,6,5,May
302,2003-05-06,China,4409.0,214.0,1460.0,129.0,8.0,27.0,51,6,5,May
303,2003-05-06,Hong Kong,1646.0,193.0,958.0,9.0,6.0,28.0,51,6,5,May
304,2003-05-06,Singapore,204.0,27.0,149.0,0.0,1.0,0.0,51,6,5,May
305,2003-05-06,Taiwan,118.0,10.0,25.0,0.0,2.0,0.0,51,6,5,May
306,2003-05-06,United States,251.0,0.0,32.0,4.0,0.0,6.0,51,6,5,May
307,2003-05-06,Viet Nam,69.0,5.0,58.0,0.0,0.0,0.0,51,6,5,May
308,2003-05-07,Canada,151.0,23.0,94.0,0.0,0.0,0.0,52,7,5,May
309,2003-05-07,China,4560.0,219.0,1487.0,151.0,5.0,27.0,52,7,5,May
310,2003-05-07,Hong Kong,1654.0,204.0,984.0,8.0,11.0,26.0,52,7,5,May
311,2003-05-07,Singapore,204.0,27.0,150.0,0.0,0.0,1.0,52,7,5,May
312,2003-05-07,Taiwan,127.0,11.0,26.0,9.0,1.0,1.0,52,7,5,May
313,2003-05-07,United States,251.0,0.0,32.0,0.0,0.0,0.0,52,7,5,May
314,2003-05-07,Viet Nam,69.0,5.0,58.0,0.0,0.0,0.0,52,7,5,May
315,2003-05-08,Canada,151.0,23.0,96.0,0.0,0.0,2.0,53,8,5,May
316,2003-05-08,China,4698.0,224.0,1529.0,138.0,5.0,42.0,53,8,5,May
317,2003-05-08,Hong Kong,1661.0,208.0,1008.0,7.0,4.0,24.0,53,8,5,May
318,2003-05-08,Singapore,204.0,27.0,153.0,0.0,0.0,3.0,53,8,5,May
319,2003-05-08,Taiwan,133.0,13.0,26.0,6.0,2.0,0.0,53,8,5,May
320,2003-05-08,United States,251.0,0.0,33.0,0.0,0.0,1.0,53,8,5,May
321,2003-05-08,Viet Nam,69.0,5.0,58.0,0.0,0.0,0.0,53,8,5,May
322,2003-05-09,Canada,151.0,23.0,96.0,0.0,0.0,0.0,54,9,5,May
323,2003-05-09,China,4805.0,230.0,1582.0,107.0,6.0,53.0,54,9,5,May
324,2003-05-09,Hong Kong,1667.0,210.0,1015.0,6.0,2.0,7.0,54,9,5,May
325,2003-05-09,Singapore,204.0,27.0,153.0,0.0,0.0,0.0,54,9,5,May
326,2003-05-09,Taiwan,151.0,13.0,26.0,18.0,0.0,0.0,54,9,5,May
327,2003-05-09,United States,251.0,0.0,33.0,0.0,0.0,0.0,54,9,5,May
328,2003-05-09,Viet Nam,69.0,5.0,58.0,0.0,0.0,0.0,54,9,5,May
329,2003-05-10,Canada,151.0,23.0,99.0,0.0,0.0,3.0,55,10,5,May
330,2003-05-10,China,4884.0,235.0,1620.0,79.0,5.0,38.0,55,10,5,May
331,2003-05-10,Hong Kong,1674.0,212.0,1035.0,7.0,2.0,20.0,55,10,5,May
332,2003-05-10,Singapore,205.0,27.0,155.0,1.0,0.0,2.0,55,10,5,May
333,2003-05-10,Taiwan,174.0,18.0,26.0,23.0,5.0,0.0,55,10,5,May
334,2003-05-10,United States,252.0,0.0,34.0,1.0,0.0,1.0,55,10,5,May
335,2003-05-10,Viet Nam,69.0,5.0,58.0,0.0,0.0,0.0,55,10,5,May
336,2003-05-12,Canada,151.0,23.0,100.0,0.0,0.0,1.0,57,12,5,May
337,2003-05-12,China,5013.0,252.0,1693.0,129.0,17.0,73.0,57,12,5,May
338,2003-05-12,Hong Kong,1683.0,218.0,1066.0,9.0,6.0,31.0,57,12,5,May
339,2003-05-12,Singapore,205.0,28.0,156.0,0.0,1.0,1.0,57,12,5,May
340,2003-05-12,Taiwan,186.0,20.0,26.0,12.0,2.0,0.0,57,12,5,May
341,2003-05-12,United States,252.0,0.0,34.0,0.0,0.0,0.0,57,12,5,May
342,2003-05-12,Viet Nam,69.0,5.0,58.0,0.0,0.0,0.0,57,12,5,May
343,2003-05-13,Canada,151.0,23.0,101.0,0.0,0.0,1.0,58,13,5,May
344,2003-05-13,China,5086.0,262.0,1765.0,73.0,10.0,72.0,58,13,5,May
345,2003-05-13,Hong Kong,1689.0,225.0,1090.0,6.0,7.0,24.0,58,13,5,May
346,2003-05-13,Singapore,205.0,28.0,157.0,0.0,0.0,1.0,58,13,5,May
347,2003-05-13,Taiwan,209.0,24.0,30.0,23.0,4.0,4.0,58,13,5,May
348,2003-05-13,United States,252.0,0.0,35.0,0.0,0.0,1.0,58,13,5,May
349,2003-05-13,Viet Nam,69.0,5.0,58.0,0.0,0.0,0.0,58,13,5,May
350,2003-05-14,Canada,151.0,24.0,106.0,0.0,1.0,5.0,59,14,5,May
351,2003-05-14,China,5124.0,267.0,1811.0,38.0,5.0,46.0,59,14,5,May
352,2003-05-14,Hong Kong,1698.0,227.0,1128.0,9.0,2.0,38.0,59,14,5,May
353,2003-05-14,Singapore,205.0,28.0,157.0,0.0,0.0,0.0,59,14,5,May
354,2003-05-14,Taiwan,240.0,30.0,38.0,31.0,6.0,8.0,59,14,5,May
355,2003-05-14,United States,252.0,0.0,35.0,0.0,0.0,0.0,59,14,5,May
356,2003-05-14,Viet Nam,69.0,5.0,58.0,0.0,0.0,0.0,59,14,5,May
357,2003-05-15,Canada,151.0,24.0,109.0,0.0,0.0,3.0,60,15,5,May
358,2003-05-15,China,5163.0,271.0,1858.0,39.0,4.0,47.0,60,15,5,May
359,2003-05-15,Hong Kong,1703.0,234.0,1160.0,5.0,7.0,32.0,60,15,5,May
360,2003-05-15,Singapore,205.0,28.0,157.0,0.0,0.0,0.0,60,15,5,May
361,2003-05-15,Taiwan,266.0,30.0,38.0,26.0,0.0,0.0,60,15,5,May
362,2003-05-15,United States,252.0,0.0,35.0,0.0,0.0,0.0,60,15,5,May
363,2003-05-15,Viet Nam,69.0,5.0,58.0,0.0,0.0,0.0,60,15,5,May
364,2003-05-16,Canada,151.0,24.0,109.0,0.0,0.0,0.0,61,16,5,May
365,2003-05-16,China,5191.0,275.0,1947.0,28.0,4.0,89.0,61,16,5,May
366,2003-05-16,Hong Kong,1706.0,238.0,1171.0,3.0,4.0,11.0,61,16,5,May
367,2003-05-16,Singapore,205.0,28.0,157.0,0.0,0.0,0.0,61,16,5,May
368,2003-05-16,Taiwan,276.0,35.0,46.0,10.0,5.0,8.0,61,16,5,May
369,2003-05-16,United States,253.0,0.0,35.0,1.0,0.0,0.0,61,16,5,May
370,2003-05-16,Viet Nam,69.0,5.0,58.0,0.0,0.0,0.0,61,16,5,May
371,2003-05-17,Canada,151.0,24.0,109.0,0.0,0.0,0.0,62,17,5,May
372,2003-05-17,China,5209.0,282.0,2009.0,18.0,7.0,62.0,62,17,5,May
373,2003-05-17,Hong Kong,1710.0,243.0,1191.0,4.0,5.0,20.0,62,17,5,May
374,2003-05-17,Singapore,205.0,28.0,157.0,0.0,0.0,0.0,62,17,5,May
375,2003-05-17,Taiwan,276.0,35.0,46.0,0.0,0.0,0.0,62,17,5,May
376,2003-05-17,United States,254.0,0.0,35.0,1.0,0.0,0.0,62,17,5,May
377,2003-05-17,Viet Nam,69.0,5.0,58.0,0.0,0.0,0.0,62,17,5,May
378,2003-05-19,Canada,151.0,24.0,109.0,0.0,0.0,0.0,64,19,5,May
379,2003-05-19,China,5236.0,289.0,2148.0,27.0,7.0,139.0,64,19,5,May
380,2003-05-19,Hong Kong,1714.0,251.0,1213.0,4.0,8.0,22.0,64,19,5,May
381,2003-05-19,Singapore,206.0,28.0,160.0,1.0,0.0,3.0,64,19,5,May
382,2003-05-19,Taiwan,346.0,40.0,50.0,70.0,5.0,4.0,64,19,5,May
383,2003-05-19,United States,255.0,0.0,35.0,1.0,0.0,0.0,64,19,5,May
384,2003-05-19,Viet Nam,69.0,5.0,58.0,0.0,0.0,0.0,64,19,5,May
385,2003-05-20,Canada,151.0,24.0,109.0,0.0,0.0,0.0,65,20,5,May
386,2003-05-20,China,5248.0,294.0,2254.0,12.0,5.0,106.0,65,20,5,May
387,2003-05-20,Hong Kong,1718.0,253.0,1229.0,4.0,2.0,16.0,65,20,5,May
388,2003-05-20,Singapore,206.0,28.0,161.0,0.0,0.0,1.0,65,20,5,May
389,2003-05-20,Taiwan,385.0,52.0,63.0,39.0,12.0,13.0,65,20,5,May
390,2003-05-20,United States,255.0,0.0,35.0,0.0,0.0,0.0,65,20,5,May
391,2003-05-20,Viet Nam,69.0,5.0,58.0,0.0,0.0,0.0,65,20,5,May
392,2003-05-21,Canada,151.0,24.0,111.0,0.0,0.0,2.0,66,21,5,May
393,2003-05-21,China,5249.0,296.0,2335.0,1.0,2.0,81.0,66,21,5,May
394,2003-05-21,Hong Kong,1719.0,255.0,1237.0,1.0,2.0,8.0,66,21,5,May
395,2003-05-21,Singapore,206.0,28.0,161.0,0.0,0.0,0.0,66,21,5,May
396,2003-05-21,Taiwan,420.0,52.0,71.0,35.0,0.0,8.0,66,21,5,May
397,2003-05-21,United States,255.0,0.0,35.0,0.0,0.0,0.0,66,21,5,May
398,2003-05-21,Viet Nam,69.0,5.0,58.0,0.0,0.0,0.0,66,21,5,May
399,2003-05-22,Canada,151.0,24.0,112.0,0.0,0.0,1.0,67,22,5,May
400,2003-05-22,China,5271.0,300.0,2445.0,22.0,4.0,110.0,67,22,5,May
401,2003-05-22,Hong Kong,1722.0,258.0,1247.0,3.0,3.0,10.0,67,22,5,May
402,2003-05-22,Singapore,206.0,29.0,162.0,0.0,1.0,1.0,67,22,5,May
403,2003-05-22,Taiwan,485.0,60.0,74.0,65.0,8.0,3.0,67,22,5,May
404,2003-05-22,United States,255.0,0.0,35.0,0.0,0.0,0.0,67,22,5,May
405,2003-05-22,Viet Nam,69.0,5.0,58.0,0.0,0.0,0.0,67,22,5,May
406,2003-05-23,Canada,151.0,24.0,112.0,0.0,0.0,0.0,68,23,5,May
407,2003-05-23,China,5285.0,303.0,2544.0,14.0,3.0,99.0,68,23,5,May
408,2003-05-23,Hong Kong,1724.0,260.0,1255.0,2.0,2.0,8.0,68,23,5,May
409,2003-05-23,Singapore,206.0,31.0,163.0,0.0,2.0,1.0,68,23,5,May
410,2003-05-23,Taiwan,540.0,60.0,82.0,55.0,0.0,8.0,68,23,5,May
411,2003-05-23,United States,255.0,0.0,35.0,0.0,0.0,0.0,68,23,5,May
412,2003-05-23,Viet Nam,69.0,5.0,58.0,0.0,0.0,0.0,68,23,5,May
413,2003-05-24,Canada,151.0,24.0,112.0,0.0,0.0,0.0,69,24,5,May
414,2003-05-24,China,5309.0,308.0,2675.0,24.0,5.0,131.0,69,24,5,May
415,2003-05-24,Hong Kong,1724.0,262.0,1266.0,0.0,2.0,11.0,69,24,5,May
416,2003-05-24,Singapore,206.0,31.0,163.0,0.0,0.0,0.0,69,24,5,May
417,2003-05-24,Taiwan,540.0,60.0,82.0,0.0,0.0,0.0,69,24,5,May
418,2003-05-24,United States,255.0,0.0,35.0,0.0,0.0,0.0,69,24,5,May
419,2003-05-24,Viet Nam,69.0,5.0,58.0,0.0,0.0,0.0,69,24,5,May
420,2003-05-26,Canada,159.0,27.0,113.0,8.0,3.0,1.0,71,26,5,May
421,2003-05-26,China,5316.0,317.0,2829.0,7.0,9.0,154.0,71,26,5,May
422,2003-05-26,Hong Kong,1726.0,267.0,1276.0,2.0,5.0,10.0,71,26,5,May
423,2003-05-26,Singapore,206.0,31.0,163.0,0.0,0.0,0.0,71,26,5,May
424,2003-05-26,Taiwan,587.0,72.0,112.0,47.0,12.0,30.0,71,26,5,May
425,2003-05-26,United States,255.0,0.0,35.0,0.0,0.0,0.0,71,26,5,May
426,2003-05-26,Viet Nam,69.0,5.0,58.0,0.0,0.0,0.0,71,26,5,May
427,2003-05-27,Canada,159.0,27.0,114.0,0.0,0.0,1.0,72,27,5,May
428,2003-05-27,China,5322.0,321.0,2944.0,6.0,4.0,115.0,72,27,5,May
429,2003-05-27,Hong Kong,1728.0,269.0,1285.0,2.0,2.0,9.0,72,27,5,May
430,2003-05-27,Singapore,206.0,31.0,163.0,0.0,0.0,0.0,72,27,5,May
431,2003-05-27,Taiwan,598.0,76.0,112.0,11.0,4.0,0.0,72,27,5,May
432,2003-05-27,United States,255.0,0.0,35.0,0.0,0.0,0.0,72,27,5,May
433,2003-05-27,Viet Nam,69.0,5.0,58.0,0.0,0.0,0.0,72,27,5,May
434,2003-05-28,Canada,160.0,27.0,114.0,1.0,0.0,0.0,73,28,5,May
435,2003-05-28,China,5323.0,325.0,3036.0,1.0,4.0,92.0,73,28,5,May
436,2003-05-28,Hong Kong,1730.0,270.0,1295.0,2.0,1.0,10.0,73,28,5,May
437,2003-05-28,Singapore,206.0,31.0,165.0,0.0,0.0,2.0,73,28,5,May
438,2003-05-28,Taiwan,612.0,81.0,112.0,14.0,5.0,0.0,73,28,5,May
439,2003-05-28,United States,256.0,0.0,35.0,1.0,0.0,0.0,73,28,5,May
440,2003-05-28,Viet Nam,69.0,5.0,58.0,0.0,0.0,0.0,73,28,5,May
441,2003-05-29,Canada,162.0,27.0,115.0,2.0,0.0,1.0,74,29,5,May
442,2003-05-29,China,5325.0,327.0,3121.0,2.0,2.0,85.0,74,29,5,May
443,2003-05-29,Hong Kong,1732.0,273.0,1302.0,2.0,3.0,7.0,74,29,5,May
444,2003-05-29,Singapore,206.0,31.0,165.0,0.0,0.0,0.0,74,29,5,May
445,2003-05-29,Taiwan,662.0,81.0,122.0,50.0,0.0,10.0,74,29,5,May
446,2003-05-29,United States,256.0,0.0,35.0,0.0,0.0,0.0,74,29,5,May
447,2003-05-29,Viet Nam,69.0,5.0,58.0,0.0,0.0,0.0,74,29,5,May
448,2003-05-30,Canada,170.0,29.0,115.0,8.0,2.0,0.0,75,30,5,May
449,2003-05-30,China,5328.0,328.0,3250.0,3.0,1.0,129.0,75,30,5,May
450,2003-05-30,Hong Kong,1736.0,274.0,1304.0,4.0,1.0,2.0,75,30,5,May
451,2003-05-30,Singapore,206.0,31.0,165.0,0.0,0.0,0.0,75,30,5,May
452,2003-05-30,Taiwan,669.0,81.0,125.0,7.0,0.0,3.0,75,30,5,May
453,2003-05-30,United States,256.0,0.0,35.0,0.0,0.0,0.0,75,30,5,May
454,2003-05-30,Viet Nam,69.0,5.0,58.0,0.0,0.0,0.0,75,30,5,May
455,2003-05-31,Canada,199.0,31.0,119.0,29.0,2.0,4.0,76,31,5,May
456,2003-05-31,China,5328.0,332.0,3371.0,0.0,4.0,121.0,76,31,5,May
457,2003-05-31,Hong Kong,1739.0,278.0,1310.0,3.0,4.0,6.0,76,31,5,May
458,2003-05-31,Singapore,206.0,31.0,165.0,0.0,0.0,0.0,76,31,5,May
459,2003-05-31,Taiwan,678.0,81.0,129.0,9.0,0.0,4.0,76,31,5,May
460,2003-05-31,United States,256.0,0.0,35.0,0.0,0.0,0.0,76,31,5,May
461,2003-05-31,Viet Nam,69.0,5.0,58.0,0.0,0.0,0.0,76,31,5,May
462,2003-06-02,Canada,209.0,31.0,119.0,10.0,0.0,0.0,78,2,6,June
463,2003-06-02,China,5328.0,334.0,3495.0,0.0,2.0,124.0,78,2,6,June
464,2003-06-02,Hong Kong,1746.0,282.0,1319.0,7.0,4.0,9.0,78,2,6,June
465,2003-06-02,Singapore,206.0,31.0,165.0,0.0,0.0,0.0,78,2,6,June
466,2003-06-02,Taiwan,686.0,81.0,134.0,8.0,0.0,5.0,78,2,6,June
467,2003-06-02,United States,256.0,0.0,35.0,0.0,0.0,0.0,78,2,6,June
468,2003-06-02,Viet Nam,69.0,5.0,58.0,0.0,0.0,0.0,78,2,6,June
469,2003-06-03,Canada,224.0,32.0,119.0,15.0,1.0,0.0,79,3,6,June
470,2003-06-03,China,5329.0,334.0,3558.0,1.0,0.0,63.0,79,3,6,June
471,2003-06-03,Hong Kong,1747.0,283.0,1326.0,1.0,1.0,7.0,79,3,6,June
472,2003-06-03,Singapore,206.0,31.0,165.0,0.0,0.0,0.0,79,3,6,June
473,2003-06-03,Taiwan,686.0,81.0,136.0,0.0,0.0,2.0,79,3,6,June
474,2003-06-03,United States,258.0,0.0,36.0,2.0,0.0,1.0,79,3,6,June
475,2003-06-03,Viet Nam,69.0,5.0,58.0,0.0,0.0,0.0,79,3,6,June
476,2003-06-04,Canada,227.0,32.0,124.0,3.0,0.0,5.0,80,4,6,June
477,2003-06-04,China,5329.0,334.0,3674.0,0.0,0.0,116.0,80,4,6,June
478,2003-06-04,Hong Kong,1748.0,283.0,1339.0,1.0,0.0,13.0,80,4,6,June
479,2003-06-04,Singapore,206.0,31.0,165.0,0.0,0.0,0.0,80,4,6,June
480,2003-06-04,Taiwan,686.0,81.0,272.0,0.0,0.0,136.0,80,4,6,June
481,2003-06-04,United States,259.0,0.0,37.0,1.0,0.0,1.0,80,4,6,June
482,2003-06-04,Viet Nam,69.0,5.0,58.0,0.0,0.0,0.0,80,4,6,June
483,2003-06-05,Canada,229.0,32.0,124.0,2.0,0.0,0.0,81,5,6,June
484,2003-06-05,China,5329.0,336.0,3770.0,0.0,2.0,96.0,81,5,6,June
485,2003-06-05,Hong Kong,1748.0,284.0,1343.0,0.0,1.0,4.0,81,5,6,June
486,2003-06-05,Singapore,206.0,31.0,165.0,0.0,0.0,0.0,81,5,6,June
487,2003-06-05,Taiwan,686.0,81.0,272.0,0.0,0.0,0.0,81,5,6,June
488,2003-06-05,United States,259.0,0.0,37.0,0.0,0.0,0.0,81,5,6,June
489,2003-06-05,Viet Nam,69.0,5.0,58.0,0.0,0.0,0.0,81,5,6,June
490,2003-06-06,Canada,230.0,32.0,124.0,1.0,0.0,0.0,82,6,6,June
491,2003-06-06,China,5329.0,338.0,3869.0,0.0,2.0,99.0,82,6,6,June
492,2003-06-06,Hong Kong,1750.0,286.0,1350.0,2.0,2.0,7.0,82,6,6,June
493,2003-06-06,Singapore,206.0,31.0,165.0,0.0,0.0,0.0,82,6,6,June
494,2003-06-06,Taiwan,686.0,81.0,272.0,0.0,0.0,0.0,82,6,6,June
495,2003-06-06,United States,259.0,0.0,38.0,0.0,0.0,1.0,82,6,6,June
496,2003-06-06,Viet Nam,69.0,5.0,58.0,0.0,0.0,0.0,82,6,6,June
497,2003-06-09,Canada,240.0,33.0,132.0,10.0,1.0,8.0,85,9,6,June
498,2003-06-09,China,5329.0,340.0,4186.0,0.0,2.0,317.0,85,9,6,June
499,2003-06-09,Hong Kong,1753.0,288.0,1365.0,3.0,2.0,15.0,85,9,6,June
500,2003-06-09,Singapore,206.0,31.0,168.0,0.0,0.0,3.0,85,9,6,June
501,2003-06-09,Taiwan,690.0,81.0,272.0,4.0,0.0,0.0,85,9,6,June
502,2003-06-09,United States,259.0,0.0,38.0,0.0,0.0,0.0,85,9,6,June
503,2003-06-09,Viet Nam,69.0,5.0,58.0,0.0,0.0,0.0,85,9,6,June
504,2003-06-10,Canada,240.0,33.0,135.0,0.0,0.0,3.0,86,10,6,June
505,2003-06-10,China,5329.0,343.0,4294.0,0.0,3.0,108.0,86,10,6,June
506,2003-06-10,Hong Kong,1754.0,290.0,1368.0,1.0,2.0,3.0,86,10,6,June
507,2003-06-10,Singapore,206.0,31.0,168.0,0.0,0.0,0.0,86,10,6,June
508,2003-06-10,Taiwan,696.0,81.0,334.0,6.0,0.0,62.0,86,10,6,June
509,2003-06-10,United States,260.0,0.0,39.0,1.0,0.0,1.0,86,10,6,June
510,2003-06-10,Viet Nam,69.0,5.0,58.0,0.0,0.0,0.0,86,10,6,June
511,2003-06-11,Canada,241.0,33.0,138.0,1.0,0.0,3.0,87,11,6,June
512,2003-06-11,China,5330.0,343.0,4390.0,1.0,0.0,96.0,87,11,6,June
513,2003-06-11,Hong Kong,1754.0,290.0,1368.0,0.0,0.0,0.0,87,11,6,June
514,2003-06-11,Singapore,206.0,31.0,168.0,0.0,0.0,0.0,87,11,6,June
515,2003-06-11,Taiwan,697.0,81.0,359.0,1.0,0.0,25.0,87,11,6,June
516,2003-06-11,United States,262.0,0.0,39.0,2.0,0.0,0.0,87,11,6,June
517,2003-06-11,Viet Nam,69.0,5.0,58.0,0.0,0.0,0.0,87,11,6,June
518,2003-06-12,Canada,249.0,33.0,145.0,8.0,0.0,7.0,88,12,6,June
519,2003-06-12,China,5330.0,343.0,4457.0,0.0,0.0,67.0,88,12,6,June
520,2003-06-12,Hong Kong,1755.0,291.0,1377.0,1.0,1.0,9.0,88,12,6,June
521,2003-06-12,Singapore,206.0,31.0,169.0,0.0,0.0,1.0,88,12,6,June
522,2003-06-12,Taiwan,698.0,81.0,362.0,1.0,0.0,3.0,88,12,6,June
523,2003-06-12,United States,262.0,0.0,39.0,0.0,0.0,0.0,88,12,6,June
524,2003-06-12,Viet Nam,69.0,5.0,58.0,0.0,0.0,0.0,88,12,6,June
525,2003-06-13,Canada,253.0,33.0,154.0,4.0,0.0,9.0,89,13,6,June
526,2003-06-13,China,5330.0,343.0,4530.0,0.0,0.0,73.0,89,13,6,June
527,2003-06-13,Hong Kong,1755.0,293.0,1380.0,0.0,2.0,3.0,89,13,6,June
528,2003-06-13,Singapore,206.0,31.0,169.0,0.0,0.0,0.0,89,13,6,June
529,2003-06-13,Taiwan,703.0,81.0,400.0,5.0,0.0,38.0,89,13,6,June
530,2003-06-13,United States,263.0,0.0,39.0,1.0,0.0,0.0,89,13,6,June
531,2003-06-13,Viet Nam,69.0,5.0,58.0,0.0,0.0,0.0,89,13,6,June
532,2003-06-16,Canada,254.0,33.0,160.0,1.0,0.0,6.0,92,16,6,June
533,2003-06-16,China,5330.0,346.0,4656.0,0.0,3.0,126.0,92,16,6,June
534,2003-06-16,Hong Kong,1755.0,295.0,1386.0,0.0,2.0,6.0,92,16,6,June
535,2003-06-16,Singapore,206.0,31.0,169.0,0.0,0.0,0.0,92,16,6,June
536,2003-06-16,Taiwan,708.0,83.0,458.0,5.0,2.0,58.0,92,16,6,June
537,2003-06-16,United States,264.0,0.0,39.0,1.0,0.0,0.0,92,16,6,June
538,2003-06-16,Viet Nam,69.0,5.0,58.0,0.0,0.0,0.0,92,16,6,June
539,2003-06-17,Canada,258.0,33.0,175.0,4.0,0.0,15.0,93,17,6,June
540,2003-06-17,China,5330.0,346.0,4725.0,0.0,0.0,69.0,93,17,6,June
541,2003-06-17,Hong Kong,1755.0,295.0,1387.0,0.0,0.0,1.0,93,17,6,June
542,2003-06-17,Singapore,206.0,31.0,169.0,0.0,0.0,0.0,93,17,6,June
543,2003-06-17,Taiwan,708.0,83.0,475.0,0.0,0.0,17.0,93,17,6,June
544,2003-06-17,United States,265.0,0.0,39.0,1.0,0.0,0.0,93,17,6,June
545,2003-06-17,Viet Nam,69.0,5.0,58.0,0.0,0.0,0.0,93,17,6,June
546,2003-06-18,Canada,258.0,34.0,180.0,0.0,1.0,5.0,94,18,6,June
547,2003-06-18,China,5330.0,347.0,4762.0,0.0,1.0,37.0,94,18,6,June
548,2003-06-18,Hong Kong,1755.0,295.0,1393.0,0.0,0.0,6.0,94,18,6,June
549,2003-06-18,Singapore,206.0,31.0,169.0,0.0,0.0,0.0,94,18,6,June
550,2003-06-18,Taiwan,708.0,83.0,484.0,0.0,0.0,9.0,94,18,6,June
551,2003-06-18,United States,267.0,0.0,39.0,2.0,0.0,0.0,94,18,6,June
552,2003-06-18,Viet Nam,69.0,5.0,58.0,0.0,0.0,0.0,94,18,6,June
553,2003-06-19,Canada,258.0,35.0,180.0,0.0,1.0,0.0,95,19,6,June
554,2003-06-19,China,5330.0,347.0,4786.0,0.0,0.0,24.0,95,19,6,June
555,2003-06-19,Hong Kong,1755.0,296.0,1396.0,0.0,1.0,3.0,95,19,6,June
556,2003-06-19,Singapore,206.0,31.0,170.0,0.0,0.0,1.0,95,19,6,June
557,2003-06-19,Taiwan,708.0,84.0,487.0,0.0,1.0,3.0,95,19,6,June
558,2003-06-19,United States,267.0,0.0,39.0,0.0,0.0,0.0,95,19,6,June
559,2003-06-19,Viet Nam,69.0,5.0,58.0,0.0,0.0,0.0,95,19,6,June
560,2003-06-20,Canada,258.0,35.0,185.0,0.0,0.0,5.0,96,20,6,June
561,2003-06-20,China,5330.0,347.0,4806.0,0.0,0.0,20.0,96,20,6,June
562,2003-06-20,Hong Kong,1755.0,296.0,1403.0,0.0,0.0,7.0,96,20,6,June
563,2003-06-20,Singapore,206.0,31.0,170.0,0.0,0.0,0.0,96,20,6,June
564,2003-06-20,Taiwan,708.0,84.0,495.0,0.0,0.0,8.0,96,20,6,June
565,2003-06-20,United States,267.0,0.0,39.0,0.0,0.0,0.0,96,20,6,June
566,2003-06-20,Viet Nam,69.0,5.0,58.0,0.0,0.0,0.0,96,20,6,June
567,2003-06-23,Canada,259.0,36.0,187.0,1.0,1.0,2.0,99,23,6,June
568,2003-06-23,China,5330.0,347.0,4895.0,0.0,0.0,89.0,99,23,6,June
569,2003-06-23,Hong Kong,1755.0,296.0,1411.0,0.0,0.0,8.0,99,23,6,June
570,2003-06-23,Singapore,206.0,31.0,170.0,0.0,0.0,0.0,99,23,6,June
571,2003-06-23,Taiwan,708.0,84.0,501.0,0.0,0.0,6.0,99,23,6,June
572,2003-06-23,United States,267.0,0.0,39.0,0.0,0.0,0.0,99,23,6,June
573,2003-06-23,Viet Nam,69.0,5.0,58.0,0.0,0.0,0.0,99,23,6,June
574,2003-06-24,Canada,262.0,38.0,193.0,3.0,2.0,6.0,100,24,6,June
575,2003-06-24,China,5330.0,347.0,4901.0,0.0,0.0,6.0,100,24,6,June
576,2003-06-24,Hong Kong,1755.0,296.0,1417.0,0.0,0.0,6.0,100,24,6,June
577,2003-06-24,Singapore,206.0,31.0,170.0,0.0,0.0,0.0,100,24,6,June
578,2003-06-24,Taiwan,708.0,84.0,507.0,0.0,0.0,6.0,100,24,6,June
579,2003-06-24,United States,268.0,0.0,39.0,1.0,0.0,0.0,100,24,6,June
580,2003-06-24,Viet Nam,69.0,5.0,58.0,0.0,0.0,0.0,100,24,6,June
581,2003-06-25,Canada,263.0,38.0,193.0,1.0,0.0,0.0,101,25,6,June
582,2003-06-25,China,5331.0,348.0,4916.0,1.0,1.0,15.0,101,25,6,June
583,2003-06-25,Hong Kong,1755.0,296.0,1419.0,0.0,0.0,2.0,101,25,6,June
584,2003-06-25,Singapore,206.0,31.0,170.0,0.0,0.0,0.0,101,25,6,June
585,2003-06-25,Taiwan,708.0,84.0,507.0,0.0,0.0,0.0,101,25,6,June
586,2003-06-25,United States,268.0,0.0,39.0,0.0,0.0,0.0,101,25,6,June
587,2003-06-25,Viet Nam,69.0,5.0,58.0,0.0,0.0,0.0,101,25,6,June
588,2003-06-26,Canada,264.0,38.0,195.0,1.0,0.0,2.0,102,26,6,June
589,2003-06-26,China,5331.0,348.0,4921.0,0.0,0.0,5.0,102,26,6,June
590,2003-06-26,Hong Kong,1755.0,296.0,1419.0,0.0,0.0,0.0,102,26,6,June
591,2003-06-26,Singapore,206.0,32.0,170.0,0.0,1.0,0.0,102,26,6,June
592,2003-06-26,Taiwan,708.0,84.0,507.0,0.0,0.0,0.0,102,26,6,June
593,2003-06-26,United States,268.0,0.0,39.0,0.0,0.0,0.0,102,26,6,June
594,2003-06-26,Viet Nam,69.0,5.0,58.0,0.0,0.0,0.0,102,26,6,June
595,2003-06-27,Canada,264.0,38.0,196.0,0.0,0.0,1.0,103,27,6,June
596,2003-06-27,China,5331.0,348.0,4921.0,0.0,0.0,0.0,103,27,6,June
597,2003-06-27,Hong Kong,1755.0,297.0,1422.0,0.0,1.0,3.0,103,27,6,June
598,2003-06-27,Singapore,206.0,32.0,171.0,0.0,0.0,1.0,103,27,6,June
599,2003-06-27,Taiwan,708.0,84.0,508.0,0.0,0.0,1.0,103,27,6,June
600,2003-06-27,United States,268.0,0.0,67.0,0.0,0.0,28.0,103,27,6,June
601,2003-06-27,Viet Nam,69.0,5.0,58.0,0.0,0.0,0.0,103,27,6,June
602,2003-06-30,Canada,265.0,38.0,197.0,1.0,0.0,1.0,106,30,6,June
603,2003-06-30,China,5331.0,348.0,4927.0,0.0,0.0,6.0,106,30,6,June
604,2003-06-30,Hong Kong,1755.0,298.0,1429.0,0.0,1.0,7.0,106,30,6,June
605,2003-06-30,Singapore,206.0,32.0,171.0,0.0,0.0,0.0,106,30,6,June
606,2003-06-30,Taiwan,708.0,84.0,511.0,0.0,0.0,3.0,106,30,6,June
607,2003-06-30,United States,268.0,0.0,67.0,0.0,0.0,0.0,106,30,6,June
608,2003-06-30,Viet Nam,69.0,5.0,58.0,0.0,0.0,0.0,106,30,6,June
609,2003-07-01,Canada,265.0,39.0,197.0,0.0,1.0,0.0,107,1,7,July
610,2003-07-01,China,5331.0,348.0,4930.0,0.0,0.0,3.0,107,1,7,July
611,2003-07-01,Hong Kong,1755.0,298.0,1429.0,0.0,0.0,0.0,107,1,7,July
612,2003-07-01,Singapore,206.0,32.0,171.0,0.0,0.0,0.0,107,1,7,July
613,2003-07-01,Taiwan,708.0,84.0,514.0,0.0,0.0,3.0,107,1,7,July
614,2003-07-01,United States,268.0,0.0,67.0,0.0,0.0,0.0,107,1,7,July
615,2003-07-01,Viet Nam,69.0,5.0,58.0,0.0,0.0,0.0,107,1,7,July
616,2003-07-02,Canada,265.0,39.0,197.0,0.0,0.0,0.0,108,2,7,July
617,2003-07-02,China,5331.0,348.0,4933.0,0.0,0.0,3.0,108,2,7,July
618,2003-07-02,Hong Kong,1755.0,298.0,1429.0,0.0,0.0,0.0,108,2,7,July
619,2003-07-02,Singapore,206.0,32.0,171.0,0.0,0.0,0.0,108,2,7,July
620,2003-07-02,Taiwan,708.0,84.0,514.0,0.0,0.0,0.0,108,2,7,July
621,2003-07-02,United States,268.0,0.0,67.0,0.0,0.0,0.0,108,2,7,July
622,2003-07-02,Viet Nam,69.0,5.0,58.0,0.0,0.0,0.0,108,2,7,July
623,2003-07-03,Canada,265.0,39.0,198.0,0.0,0.0,1.0,109,3,7,July
624,2003-07-03,China,5331.0,348.0,4933.0,0.0,0.0,0.0,109,3,7,July
625,2003-07-03,Hong Kong,1755.0,298.0,1429.0,0.0,0.0,0.0,109,3,7,July
626,2003-07-03,Singapore,206.0,32.0,171.0,0.0,0.0,0.0,109,3,7,July
627,2003-07-03,Taiwan,708.0,84.0,514.0,0.0,0.0,0.0,109,3,7,July
628,2003-07-03,United States,268.0,0.0,69.0,0.0,0.0,2.0,109,3,7,July
629,2003-07-03,Viet Nam,69.0,5.0,58.0,0.0,0.0,0.0,109,3,7,July
630,2003-07-04,Canada,265.0,39.0,198.0,0.0,0.0,0.0,110,4,7,July
631,2003-07-04,China,5331.0,348.0,4934.0,0.0,0.0,1.0,110,4,7,July
632,2003-07-04,Hong Kong,1755.0,298.0,1430.0,0.0,0.0,1.0,110,4,7,July
633,2003-07-04,Singapore,206.0,32.0,171.0,0.0,0.0,0.0,110,4,7,July
634,2003-07-04,Taiwan,708.0,84.0,516.0,0.0,0.0,2.0,110,4,7,July
635,2003-07-04,United States,268.0,0.0,69.0,0.0,0.0,0.0,110,4,7,July
636,2003-07-04,Viet Nam,69.0,5.0,58.0,0.0,0.0,0.0,110,4,7,July
637,2003-07-07,Canada,265.0,39.0,198.0,0.0,0.0,0.0,113,7,7,July
638,2003-07-07,China,5331.0,348.0,4934.0,0.0,0.0,0.0,113,7,7,July
639,2003-07-07,Hong Kong,1755.0,298.0,1430.0,0.0,0.0,0.0,113,7,7,July
640,2003-07-07,Singapore,206.0,32.0,171.0,0.0,0.0,0.0,113,7,7,July
641,2003-07-07,Taiwan,708.0,84.0,516.0,0.0,0.0,0.0,113,7,7,July
642,2003-07-07,United States,268.0,0.0,69.0,0.0,0.0,0.0,113,7,7,July
643,2003-07-07,Viet Nam,69.0,5.0,58.0,0.0,0.0,0.0,113,7,7,July
644,2003-07-08,Canada,265.0,39.0,199.0,0.0,0.0,1.0,114,8,7,July
645,2003-07-08,China,5331.0,348.0,4934.0,0.0,0.0,0.0,114,8,7,July
646,2003-07-08,Hong Kong,1755.0,298.0,1430.0,0.0,0.0,0.0,114,8,7,July
647,2003-07-08,Singapore,206.0,32.0,171.0,0.0,0.0,0.0,114,8,7,July
648,2003-07-08,Taiwan,708.0,84.0,518.0,0.0,0.0,2.0,114,8,7,July
649,2003-07-08,United States,269.0,0.0,69.0,1.0,0.0,0.0,114,8,7,July
650,2003-07-08,Viet Nam,69.0,5.0,58.0,0.0,0.0,0.0,114,8,7,July
651,2003-07-09,Canada,265.0,39.0,199.0,0.0,0.0,0.0,115,9,7,July
652,2003-07-09,China,5331.0,348.0,4939.0,0.0,0.0,5.0,115,9,7,July
653,2003-07-09,Hong Kong,1755.0,298.0,1431.0,0.0,0.0,1.0,115,9,7,July
654,2003-07-09,Singapore,206.0,32.0,171.0,0.0,0.0,0.0,115,9,7,July
655,2003-07-09,Taiwan,708.0,84.0,520.0,0.0,0.0,2.0,115,9,7,July
656,2003-07-09,United States,270.0,0.0,72.0,1.0,0.0,3.0,115,9,7,July
657,2003-07-09,Viet Nam,69.0,5.0,58.0,0.0,0.0,0.0,115,9,7,July
658,2003-07-10,Canada,266.0,39.0,200.0,1.0,0.0,1.0,116,10,7,July
659,2003-07-10,China,5331.0,348.0,4941.0,0.0,0.0,2.0,116,10,7,July
660,2003-07-10,Hong Kong,1755.0,298.0,1431.0,0.0,0.0,0.0,116,10,7,July
661,2003-07-10,Singapore,206.0,32.0,172.0,0.0,0.0,1.0,116,10,7,July
662,2003-07-10,Taiwan,708.0,84.0,522.0,0.0,0.0,2.0,116,10,7,July
663,2003-07-10,United States,270.0,0.0,72.0,0.0,0.0,0.0,116,10,7,July
664,2003-07-10,Viet Nam,69.0,5.0,58.0,0.0,0.0,0.0,116,10,7,July
665,2003-07-11,Canada,266.0,39.0,200.0,0.0,0.0,0.0,117,11,7,July
666,2003-07-11,China,5331.0,348.0,4941.0,0.0,0.0,0.0,117,11,7,July
667,2003-07-11,Hong Kong,1755.0,298.0,1433.0,0.0,0.0,2.0,117,11,7,July
668,2003-07-11,Singapore,206.0,32.0,172.0,0.0,0.0,0.0,117,11,7,July
669,2003-07-11,Taiwan,708.0,84.0,523.0,0.0,0.0,1.0,117,11,7,July
670,2003-07-11,United States,270.0,0.0,72.0,0.0,0.0,0.0,117,11,7,July
671,2003-07-11,Viet Nam,69.0,5.0,58.0,0.0,0.0,0.0,117,11,7,July
